{
  "widthMasterPx": 183,
  "heightMasterPx": 58,
  "leftRelPivotMasterPx": -79.42336322614028,
  "topRelPivotMasterPx": -23.208542046948992,
  "source": "left_ref05.png (master-05, left dial, registered 540-frame): bar rounded-rect x[191.0,369.0] y[320.5,341.5] \u222a cap disc c=pivot r21.0 \u222a boss x[247.5,282.5] y[339.0,358.5], margin 1.0px feather 1.3px"
}